{
  "losses": [
    0.6344022893999505,
    0.31611987612065995,
    0.27567971261154633,
    0.25817486987965,
    0.2451060267258191,
    0.23125332683872363,
    0.21681062059765413,
    0.2012710793828714,
    0.18449396485575228,
    0.1679178771619096,
    0.1502121903999584,
    0.132866207011572,
    0.11604147154124077,
    0.10005584146015913,
    0.0847050539973214,
    0.0713225762284021,
    0.059441400266538456,
    0.04921290273545921,
    0.04139257292813203,
    0.03453775164316802,
    0.029414767296764795,
    0.02554233147080724,
    0.022790588893172307,
    0.020262276480008612,
    0.01826310100820981,
    0.01696914603586585,
    0.01597940939383244,
    0.01498135329857273,
    0.014151484666397096,
    0.013462448609978195,
    0.01284095445730946,
    0.012326535734585108,
    0.011820280829107199,
    0.01136294634538529,
    0.011098260748055897,
    0.010775125378943257,
    0.010563076357662756,
    0.010108648359364881,
    0.009723512397155049,
    0.009668006669250842,
    0.00932684133631077,
    0.009163821091645659,
    0.008975962814911613,
    0.008697614583414136,
    0.008658983100577212,
    0.008461936057992572,
    0.008131015654702199,
    0.008238787834930998,
    0.007844837482656863,
    0.007911303438725356
  ],
  "metrics": {
    "both": {
      "optimistic": {
        "adjusted_arithmetic_mean_rank": 0.010319384717203912,
        "adjusted_arithmetic_mean_rank_index": 0.9896910867921337,
        "adjusted_geometric_mean_rank_index": 0.9995179327077216,
        "adjusted_hits_at_k": 0.3545899577888451,
        "adjusted_inverse_harmonic_mean_rank": 0.19941905264407805,
        "arithmetic_mean_rank": 975.3133714180033,
        "count": 194654.0,
        "geometric_mean_rank": 34.522845203123616,
        "harmonic_mean_rank": 5.01321093035605,
        "hits_at_1": 0.116016110637336,
        "hits_at_10": 0.3546241022532288,
        "hits_at_3": 0.227598713614927,
        "hits_at_5": 0.2789102715587658,
        "inverse_arithmetic_mean_rank": 0.0010253114837809564,
        "inverse_geometric_mean_rank": 0.02896632633018093,
        "inverse_harmonic_mean_rank": 0.1994729553358286,
        "inverse_median_rank": 0.03125,
        "median_absolute_deviation": 45.96066877367366,
        "median_rank": 32.0,
        "standard_deviation": 7901.697734676979,
        "variance": 62436827.09019931,
        "z_arithmetic_mean_rank": 756.2899742207113,
        "z_geometric_mean_rank": 441.09973535228806,
        "z_hits_at_k": 21508.212428227765,
        "z_inverse_harmonic_mean_rank": 29830.901603101152
      },
      "pessimistic": {
        "adjusted_arithmetic_mean_rank": 0.010319400534756306,
        "adjusted_arithmetic_mean_rank_index": 0.9896910709744139,
        "adjusted_geometric_mean_rank_index": 0.9995179322141544,
        "adjusted_hits_at_k": 0.3545899577888451,
        "adjusted_inverse_harmonic_mean_rank": 0.19941902450368318,
        "arithmetic_mean_rank": 975.3148663782918,
        "count": 194654.0,
        "geometric_mean_rank": 34.52287952566211,
        "harmonic_mean_rank": 5.013211637540923,
        "hits_at_1": 0.116016110637336,
        "hits_at_10": 0.3546241022532288,
        "hits_at_3": 0.227598713614927,
        "hits_at_5": 0.2789102715587658,
        "inverse_arithmetic_mean_rank": 0.0010253099121859727,
        "inverse_geometric_mean_rank": 0.028966297531950184,
        "inverse_harmonic_mean_rank": 0.1994729271973284,
        "inverse_median_rank": 0.03125,
        "median_absolute_deviation": 45.96066877367366,
        "median_rank": 32.0,
        "standard_deviation": 7901.708083435826,
        "variance": 62436990.635835074,
        "z_arithmetic_mean_rank": 756.2899621333206,
        "z_geometric_mean_rank": 441.09973513447073,
        "z_hits_at_k": 21508.212428227765,
        "z_inverse_harmonic_mean_rank": 29830.897393606927
      },
      "realistic": {
        "adjusted_arithmetic_mean_rank": 0.010319392287569822,
        "adjusted_arithmetic_mean_rank_index": 0.9896910792216876,
        "adjusted_geometric_mean_rank_index": 0.9995179323639328,
        "adjusted_hits_at_k": 0.3545899577888451,
        "adjusted_inverse_harmonic_mean_rank": 0.19941904621662254,
        "arithmetic_mean_rank": 975.3140869140625,
        "count": 194654.0,
        "geometric_mean_rank": 34.52286911010742,
        "harmonic_mean_rank": 5.013211250305176,
        "hits_at_1": 0.116016110637336,
        "hits_at_10": 0.3546241022532288,
        "hits_at_3": 0.227598713614927,
        "hits_at_5": 0.2789102715587658,
        "inverse_arithmetic_mean_rank": 0.001025310717523098,
        "inverse_geometric_mean_rank": 0.028966305777430534,
        "inverse_harmonic_mean_rank": 0.19947294890880585,
        "inverse_median_rank": 0.03125,
        "median_absolute_deviation": 45.960670471191406,
        "median_rank": 32.0,
        "standard_deviation": 7901.703125,
        "variance": 62436912.0,
        "z_arithmetic_mean_rank": 756.289968435621,
        "z_geometric_mean_rank": 441.0997352005698,
        "z_hits_at_k": 21508.212428227765,
        "z_inverse_harmonic_mean_rank": 29830.90064162435
      }
    },
    "head": {
      "optimistic": {
        "adjusted_arithmetic_mean_rank": 0.011487449014077711,
        "adjusted_arithmetic_mean_rank_index": 0.9885230099830732,
        "adjusted_geometric_mean_rank_index": 0.9995482137030107,
        "adjusted_hits_at_k": 0.35551986248360423,
        "adjusted_inverse_harmonic_mean_rank": 0.19512856415766167,
        "arithmetic_mean_rank": 1085.7262424609821,
        "count": 97327.0,
        "geometric_mean_rank": 32.41764167044754,
        "harmonic_mean_rank": 5.123403447460868,
        "hits_at_1": 0.1101544278566071,
        "hits_at_10": 0.35555395727804207,
        "hits_at_3": 0.22152126336987682,
        "hits_at_5": 0.27515489021545925,
        "inverse_arithmetic_mean_rank": 0.0009210424883286701,
        "inverse_geometric_mean_rank": 0.03084740124423106,
        "inverse_harmonic_mean_rank": 0.19518275502890461,
        "inverse_median_rank": 0.034482758620689655,
        "median_absolute_deviation": 41.51286211815685,
        "median_rank": 29.0,
        "standard_deviation": 8646.573926281597,
        "variance": 74763240.66265275,
        "z_arithmetic_mean_rank": 534.1464145580873,
        "z_geometric_mean_rank": 311.8616333832268,
        "z_hits_at_k": 15248.593260097363,
        "z_inverse_harmonic_mean_rank": 20639.948261591882
      },
      "pessimistic": {
        "adjusted_arithmetic_mean_rank": 0.011487466407694897,
        "adjusted_arithmetic_mean_rank_index": 0.988522992589272,
        "adjusted_geometric_mean_rank_index": 0.9995482130248096,
        "adjusted_hits_at_k": 0.35551986248360423,
        "adjusted_inverse_harmonic_mean_rank": 0.19512851161255995,
        "arithmetic_mean_rank": 1085.7278864035673,
        "count": 97327.0,
        "geometric_mean_rank": 32.41768883318856,
        "harmonic_mean_rank": 5.123404826638564,
        "hits_at_1": 0.1101544278566071,
        "hits_at_10": 0.35555395727804207,
        "hits_at_3": 0.22152126336987682,
        "hits_at_5": 0.27515489021545925,
        "inverse_arithmetic_mean_rank": 0.0009210410937426157,
        "inverse_geometric_mean_rank": 0.030847356366016463,
        "inverse_harmonic_mean_rank": 0.19518270248734068,
        "inverse_median_rank": 0.034482758620689655,
        "median_absolute_deviation": 41.51286211815685,
        "median_rank": 29.0,
        "standard_deviation": 8646.584130604095,
        "variance": 74763417.12761456,
        "z_arithmetic_mean_rank": 534.1464051593819,
        "z_geometric_mean_rank": 311.86163317162624,
        "z_hits_at_k": 15248.593260097363,
        "z_inverse_harmonic_mean_rank": 20639.942703573324
      },
      "realistic": {
        "adjusted_arithmetic_mean_rank": 0.011487457566452612,
        "adjusted_arithmetic_mean_rank_index": 0.9885230014306078,